epoch,time,train/box_loss,train/seg_loss,train/cls_loss,train/dfl_loss,metrics/precision(B),metrics/recall(B),metrics/mAP50(B),metrics/mAP50-95(B),metrics/precision(M),metrics/recall(M),metrics/mAP50(M),metrics/mAP50-95(M),val/box_loss,val/seg_loss,val/cls_loss,val/dfl_loss,lr/pg0,lr/pg1,lr/pg2
1,4.84033,1.03083,3.93705,3.404,1.38757,0.00404,0.99353,0.1706,0.10983,0.00369,0.90808,0.14007,0.07626,0.7518,3.22098,3.21618,1.22801,0.00015,0.00015,0.00015
2,8.91676,0.92737,3.09543,2.86647,1.3087,0.00393,1,0.18955,0.10828,0.00357,0.90627,0.16933,0.09201,0.89939,3.22393,2.94448,1.39994,0.000309406,0.000309406,0.000309406
3,13.0048,1.02723,3.17322,2.58219,1.37585,0.87146,0.14289,0.2451,0.13686,0.86269,0.12903,0.17404,0.08158,1.13607,3.79725,2.69754,1.63411,0.000465595,0.000465595,0.000465595
4,17.0756,1.05596,3.07372,2.30126,1.3556,0.38459,0.39655,0.43204,0.24025,0.33772,0.29001,0.33892,0.15408,1.09852,3.96566,2.34654,1.60122,0.000618566,0.000618566,0.000618566
5,21.1034,1.01123,2.92894,2.15323,1.31972,0.47444,0.28799,0.38143,0.21299,0.44474,0.25384,0.28861,0.14346,1.16286,3.79269,2.45996,1.63738,0.00076832,0.00076832,0.00076832
6,25.131,1.00418,3.02278,2.06034,1.30758,0.25466,0.42341,0.28137,0.14912,0.19317,0.37792,0.20605,0.08902,1.32124,3.5667,2.81873,1.92041,0.000914856,0.000914856,0.000914856
7,29.1519,1.02577,2.9683,2.02833,1.3085,0.27451,0.53636,0.30148,0.161,0.22252,0.27783,0.15585,0.05534,1.21858,4.34161,3.16815,1.79554,0.00105817,0.00105817,0.00105817
8,33.2149,1.02905,3.01574,1.97952,1.32613,0.2431,0.4487,0.30584,0.15578,0.46886,0.13067,0.08953,0.02465,1.39755,5.76157,4.8448,1.93093,0.00116337,0.00116337,0.00116337
9,37.2482,1.06701,2.97047,1.92287,1.33293,0.22844,0.49105,0.27363,0.11209,0.21942,0.37318,0.19679,0.0766,1.52298,4.4942,4.95236,2.42921,0.001151,0.001151,0.001151
10,41.2638,1.08651,2.95155,1.91586,1.35843,0.24294,0.48089,0.27287,0.1408,0.18297,0.39401,0.19589,0.07927,1.48595,4.72887,3.27656,2.00376,0.00113863,0.00113863,0.00113863
11,45.3019,1.10949,2.9588,1.8356,1.36571,0.31172,0.43252,0.31337,0.15265,0.22173,0.34774,0.19387,0.0725,1.46928,4.27529,2.66874,1.96631,0.00112625,0.00112625,0.00112625
12,49.3007,1.05896,2.86207,1.72158,1.31574,0.53095,0.37764,0.33126,0.17577,0.47894,0.23806,0.18903,0.07794,1.3429,4.06269,2.48798,1.76203,0.00111388,0.00111388,0.00111388
13,53.3268,1.04985,2.84477,1.75352,1.3043,0.41986,0.50433,0.42446,0.22585,0.25982,0.22409,0.14535,0.0584,1.26852,4.27679,2.09183,1.6894,0.0011015,0.0011015,0.0011015
14,57.3222,1.01332,2.84226,1.72048,1.29695,0.42271,0.57448,0.45941,0.26205,0.34985,0.41401,0.30402,0.12773,1.1505,3.62831,2.0137,1.58759,0.00108913,0.00108913,0.00108913
15,61.3208,0.98262,2.74708,1.62881,1.28259,0.33788,0.54,0.43332,0.24841,0.29605,0.42552,0.307,0.15175,1.29749,3.49384,2.04992,1.69522,0.00107675,0.00107675,0.00107675
16,65.3625,0.99733,2.74496,1.61679,1.29883,0.35909,0.4927,0.41088,0.23626,0.32687,0.3799,0.2845,0.14057,1.35071,4.42448,2.04145,1.74182,0.00106437,0.00106437,0.00106437
17,69.3099,0.9833,2.73288,1.6045,1.27821,0.50137,0.58531,0.54143,0.30858,0.40065,0.45438,0.34554,0.14736,1.22572,3.80239,1.79115,1.64411,0.001052,0.001052,0.001052
18,73.2767,0.95001,2.59261,1.53338,1.24302,0.6759,0.66223,0.73998,0.50919,0.59936,0.55681,0.598,0.32469,0.92607,3.38784,1.58001,1.37364,0.00103962,0.00103962,0.00103962
19,77.2055,0.97541,2.61001,1.46216,1.26922,0.68341,0.66645,0.743,0.48614,0.60526,0.59515,0.61827,0.34549,0.96956,2.5563,1.42304,1.38987,0.00102725,0.00102725,0.00102725
20,81.1055,0.91126,2.62179,1.38806,1.24067,0.64562,0.60585,0.66121,0.42082,0.6291,0.50294,0.51917,0.27559,1.06401,2.93259,1.70393,1.5092,0.00101488,0.00101488,0.00101488
21,84.964,0.92131,2.70777,1.41018,1.26265,0.66348,0.68102,0.75472,0.54411,0.60294,0.53505,0.55934,0.28649,0.89972,2.95507,1.34775,1.31682,0.0010025,0.0010025,0.0010025
22,88.7538,0.89465,2.54678,1.38004,1.20885,0.63553,0.77539,0.77352,0.54164,0.59658,0.65894,0.64701,0.34353,0.89911,2.77549,1.21501,1.34847,0.000990125,0.000990125,0.000990125
23,92.665,0.90905,2.59945,1.43673,1.2226,0.72292,0.5981,0.72478,0.49098,0.67818,0.57192,0.63878,0.34063,0.96779,2.7022,1.37571,1.39683,0.00097775,0.00097775,0.00097775
24,96.5574,0.857,2.51781,1.32303,1.20006,0.80712,0.69507,0.80755,0.59596,0.74628,0.63815,0.69568,0.39434,0.82553,2.51222,1.1504,1.26204,0.000965375,0.000965375,0.000965375
25,100.393,0.85794,2.53574,1.30825,1.19736,0.71173,0.73461,0.79604,0.60125,0.71223,0.66695,0.71546,0.42472,0.82239,2.40974,1.14114,1.26864,0.000953,0.000953,0.000953
26,104.233,0.87604,2.44514,1.27466,1.21782,0.70751,0.75281,0.79547,0.57307,0.66554,0.68225,0.6989,0.41942,0.86197,2.30384,1.23041,1.28643,0.000940625,0.000940625,0.000940625
27,108.118,0.86704,2.49524,1.31962,1.21835,0.70513,0.63638,0.77178,0.57075,0.64538,0.51728,0.57229,0.34052,0.83958,2.71115,1.29745,1.29034,0.00092825,0.00092825,0.00092825
28,111.966,0.8261,2.35466,1.24577,1.18288,0.65985,0.63844,0.72168,0.50986,0.48638,0.49386,0.47115,0.23498,0.85973,3.04353,1.47691,1.30651,0.000915875,0.000915875,0.000915875
29,115.828,0.83762,2.36684,1.29328,1.19752,0.54909,0.6541,0.66224,0.46065,0.48986,0.5691,0.54209,0.31259,0.90916,2.41805,1.51822,1.35141,0.0009035,0.0009035,0.0009035
30,119.696,0.82843,2.40943,1.18886,1.19704,0.74686,0.75498,0.82601,0.53502,0.7094,0.70315,0.75289,0.44276,1.01598,2.11951,1.25532,1.38104,0.000891125,0.000891125,0.000891125
31,123.556,0.78965,2.30584,1.14113,1.14708,0.7127,0.71265,0.82566,0.61448,0.68746,0.64962,0.73572,0.47055,0.85164,2.05926,1.13379,1.29361,0.00087875,0.00087875,0.00087875
32,127.473,0.79426,2.20445,1.17098,1.15966,0.77804,0.69476,0.81717,0.5968,0.7233,0.58983,0.64678,0.37506,0.87152,2.53122,1.17749,1.31006,0.000866375,0.000866375,0.000866375
33,131.329,0.78961,2.23166,1.13359,1.14527,0.75796,0.78907,0.85514,0.64544,0.69182,0.6866,0.72261,0.43132,0.77033,2.23307,1.08998,1.23022,0.000854,0.000854,0.000854
34,135.239,0.75111,2.25923,1.11947,1.14507,0.78396,0.77168,0.85521,0.6561,0.72794,0.69366,0.73896,0.45596,0.74196,2.06985,1.08779,1.18865,0.000841625,0.000841625,0.000841625
35,139.126,0.78226,2.20267,1.11104,1.14972,0.76283,0.80609,0.86064,0.66474,0.75169,0.71497,0.78647,0.48962,0.71553,2.0739,0.99347,1.1688,0.00082925,0.00082925,0.00082925
36,142.977,0.76814,2.17574,1.10837,1.17064,0.84957,0.84745,0.91433,0.74056,0.76321,0.79242,0.81415,0.51011,0.66038,2.02063,0.83078,1.13259,0.000816875,0.000816875,0.000816875
37,146.797,0.76332,2.16584,1.08389,1.14173,0.70706,0.73448,0.80133,0.60389,0.58828,0.66488,0.65477,0.41028,0.75739,2.22948,1.21403,1.23541,0.0008045,0.0008045,0.0008045
38,150.722,0.77674,2.14486,1.03493,1.14833,0.81561,0.84228,0.90586,0.74255,0.79285,0.80527,0.85727,0.57021,0.66227,1.77871,0.81484,1.13052,0.000792125,0.000792125,0.000792125
39,154.518,0.73577,2.09572,1.00535,1.12544,0.79921,0.87287,0.90645,0.73428,0.8118,0.77255,0.84,0.54498,0.67385,1.88139,0.82252,1.13488,0.00077975,0.00077975,0.00077975
40,158.327,0.73066,2.05815,0.98234,1.10604,0.8385,0.89602,0.91867,0.7574,0.78897,0.83214,0.83217,0.53606,0.63318,1.85903,0.80282,1.10648,0.000767375,0.000767375,0.000767375
41,162.172,0.72818,2.03984,0.98391,1.11596,0.79912,0.81719,0.89323,0.7273,0.7734,0.69701,0.7837,0.48498,0.66395,1.87582,0.90093,1.12956,0.000755,0.000755,0.000755
42,166.035,0.69583,2.0524,0.9613,1.09731,0.7827,0.82079,0.89756,0.72536,0.76835,0.72793,0.81706,0.51442,0.7061,1.88966,0.8991,1.16179,0.000742625,0.000742625,0.000742625
43,169.807,0.74269,2.15226,0.99508,1.13989,0.86775,0.80676,0.91616,0.72715,0.8104,0.74545,0.80658,0.51592,0.69677,1.89666,0.85552,1.17719,0.00073025,0.00073025,0.00073025
44,173.634,0.70422,1.98353,0.93918,1.11362,0.77303,0.77218,0.87813,0.69224,0.80649,0.63585,0.77004,0.48831,0.6639,1.90332,0.97742,1.13775,0.000717875,0.000717875,0.000717875
45,177.498,0.67287,1.99762,0.89117,1.07418,0.83999,0.86634,0.9305,0.75314,0.83177,0.80091,0.85918,0.55816,0.65426,1.84139,0.75366,1.12223,0.0007055,0.0007055,0.0007055
46,181.304,0.66867,1.97947,0.91003,1.0763,0.88063,0.87881,0.94466,0.79066,0.8206,0.82855,0.85566,0.57213,0.60727,1.73045,0.70377,1.08903,0.000693125,0.000693125,0.000693125
47,185.106,0.7259,2.01733,0.98106,1.11509,0.83514,0.90375,0.93948,0.79164,0.82533,0.82699,0.88116,0.57832,0.59156,1.71282,0.7238,1.08213,0.00068075,0.00068075,0.00068075
48,188.885,0.66742,1.99047,0.88433,1.08683,0.82907,0.87814,0.9341,0.78703,0.86962,0.79469,0.89043,0.60465,0.58804,1.66805,0.67875,1.07169,0.000668375,0.000668375,0.000668375
49,192.702,0.67376,1.94349,0.89031,1.08254,0.85346,0.83433,0.92684,0.78364,0.85002,0.78091,0.87029,0.59134,0.60529,1.62463,0.77204,1.0898,0.000656,0.000656,0.000656
50,196.474,0.70051,2.01231,0.90905,1.0979,0.85249,0.86817,0.93583,0.76586,0.80663,0.80247,0.84607,0.55575,0.63309,1.61066,0.75916,1.10563,0.000643625,0.000643625,0.000643625
51,200.242,0.67089,1.86051,0.88315,1.08716,0.87339,0.89483,0.95694,0.81938,0.80992,0.82779,0.86192,0.5954,0.56593,1.5697,0.68333,1.04948,0.00063125,0.00063125,0.00063125
52,204.028,0.65978,1.91582,0.85657,1.07433,0.84263,0.87426,0.94323,0.80364,0.76067,0.82667,0.8553,0.58262,0.55991,1.609,0.72577,1.04962,0.000618875,0.000618875,0.000618875
53,207.89,0.64117,1.89362,0.87058,1.07757,0.89463,0.87585,0.95036,0.8137,0.85526,0.82378,0.87952,0.59178,0.57438,1.63182,0.6656,1.05435,0.0006065,0.0006065,0.0006065
54,211.724,0.66197,1.86217,0.87266,1.09211,0.89566,0.93165,0.97209,0.85679,0.85361,0.85867,0.88101,0.58807,0.50986,1.59407,0.58258,1.00701,0.000594125,0.000594125,0.000594125
55,215.537,0.64249,1.89632,0.8625,1.07947,0.89612,0.90228,0.96675,0.85821,0.84389,0.84833,0.88637,0.6194,0.48935,1.55924,0.59138,0.99238,0.00058175,0.00058175,0.00058175
56,219.322,0.63025,1.79279,0.79853,1.05385,0.89388,0.88593,0.96861,0.85761,0.87379,0.84521,0.92266,0.64161,0.49436,1.48851,0.62297,0.99536,0.000569375,0.000569375,0.000569375
57,223.083,0.64049,1.83276,0.79702,1.06405,0.90058,0.92242,0.96678,0.86017,0.8897,0.86092,0.91081,0.63079,0.49813,1.70383,0.574,0.99979,0.000557,0.000557,0.000557
58,226.918,0.61653,1.78057,0.80798,1.04896,0.92245,0.94084,0.97929,0.88326,0.88808,0.89926,0.91369,0.64732,0.4796,1.44829,0.53973,0.98584,0.000544625,0.000544625,0.000544625
59,230.733,0.5985,1.76716,0.80793,1.02348,0.92152,0.89242,0.96749,0.86696,0.87234,0.84677,0.89346,0.61594,0.49179,1.50504,0.60076,0.99588,0.00053225,0.00053225,0.00053225
60,234.52,0.61774,1.83976,0.83763,1.05641,0.94113,0.93654,0.98243,0.88687,0.87554,0.86411,0.88254,0.63495,0.46141,1.49208,0.53395,0.96877,0.000519875,0.000519875,0.000519875
61,238.378,0.58789,1.72868,0.76002,1.03352,0.94596,0.98093,0.98832,0.89436,0.9027,0.92514,0.93521,0.66779,0.45893,1.34317,0.47017,0.97174,0.0005075,0.0005075,0.0005075
62,242.191,0.60263,1.78213,0.75935,1.05184,0.95066,0.95575,0.98439,0.89208,0.90547,0.90872,0.93059,0.66806,0.44043,1.33271,0.49136,0.94462,0.000495125,0.000495125,0.000495125
63,246.056,0.58031,1.77677,0.71724,1.01881,0.96712,0.96285,0.98742,0.90539,0.93763,0.93429,0.95825,0.67921,0.41569,1.33395,0.45499,0.93091,0.00048275,0.00048275,0.00048275
64,249.92,0.57989,1.72526,0.74295,1.02271,0.96209,0.97788,0.99077,0.91318,0.9374,0.93446,0.95246,0.68551,0.42978,1.35623,0.44437,0.94033,0.000470375,0.000470375,0.000470375
65,253.759,0.59045,1.74912,0.73992,1.03635,0.93423,0.96593,0.98567,0.88982,0.89935,0.90118,0.91829,0.6625,0.45876,1.35054,0.50907,0.95842,0.000458,0.000458,0.000458
66,257.526,0.54927,1.63277,0.68744,1.0204,0.96468,0.95983,0.98748,0.91737,0.94065,0.93645,0.95381,0.70988,0.41471,1.26249,0.44799,0.9335,0.000445625,0.000445625,0.000445625
67,261.326,0.5912,1.74029,0.76154,1.03322,0.91723,0.97668,0.98442,0.89925,0.92,0.91787,0.94804,0.69488,0.42459,1.26982,0.45401,0.94213,0.00043325,0.00043325,0.00043325
68,265.158,0.55087,1.63852,0.70009,1.00734,0.9664,0.96791,0.98735,0.91017,0.93544,0.9325,0.94968,0.69643,0.4115,1.2672,0.43856,0.93811,0.000420875,0.000420875,0.000420875
69,269.041,0.51581,1.6317,0.65396,0.99456,0.91243,0.98243,0.98484,0.91421,0.86271,0.92412,0.92214,0.6787,0.4077,1.44866,0.44654,0.93997,0.0004085,0.0004085,0.0004085
70,272.86,0.54832,1.68609,0.67561,1.02423,0.96622,0.96085,0.98852,0.9181,0.93041,0.92622,0.94401,0.69418,0.39913,1.2534,0.41406,0.92105,0.000396125,0.000396125,0.000396125
71,276.647,0.53121,1.56897,0.65448,0.9882,0.95828,0.96999,0.98962,0.92401,0.92613,0.93961,0.95453,0.71079,0.38047,1.19775,0.40503,0.91026,0.00038375,0.00038375,0.00038375
72,280.459,0.51058,1.63721,0.64091,0.98179,0.92799,0.96119,0.9874,0.9253,0.89198,0.92338,0.94342,0.71392,0.37574,1.19405,0.42918,0.90074,0.000371375,0.000371375,0.000371375
73,284.284,0.52509,1.65513,0.65245,0.99152,0.965,0.96081,0.99087,0.92522,0.94074,0.93078,0.95442,0.7024,0.36267,1.17287,0.4026,0.89413,0.000359,0.000359,0.000359
74,288.038,0.49743,1.55963,0.64065,0.98675,0.96421,0.97327,0.99133,0.92435,0.9279,0.93396,0.94131,0.69194,0.37956,1.20922,0.4009,0.90585,0.000346625,0.000346625,0.000346625
75,291.809,0.5245,1.70278,0.63594,1.00454,0.96013,0.9566,0.99058,0.91932,0.91783,0.9149,0.934,0.69567,0.38451,1.203,0.43217,0.91111,0.00033425,0.00033425,0.00033425
76,295.632,0.52083,1.53,0.63826,0.99567,0.96233,0.9952,0.99337,0.93945,0.92128,0.95326,0.94284,0.71723,0.35011,1.15804,0.37833,0.89131,0.000321875,0.000321875,0.000321875
77,299.474,0.52297,1.61698,0.65083,0.99889,0.9632,0.98312,0.99223,0.93757,0.92572,0.93306,0.94058,0.71111,0.34538,1.15387,0.3648,0.88667,0.0003095,0.0003095,0.0003095
78,303.265,0.51485,1.58869,0.6705,0.99824,0.97864,0.97133,0.99241,0.93516,0.94881,0.94461,0.95932,0.70653,0.35191,1.18004,0.38557,0.88734,0.000297125,0.000297125,0.000297125
79,307.069,0.49949,1.55816,0.61317,0.98511,0.98674,0.98632,0.99442,0.94858,0.95546,0.95479,0.95885,0.71566,0.33155,1.11678,0.33923,0.87283,0.00028475,0.00028475,0.00028475
80,310.852,0.50935,1.62027,0.621,0.9949,0.98167,0.98511,0.99344,0.9464,0.95419,0.95776,0.96353,0.7271,0.32149,1.18672,0.33799,0.87054,0.000272375,0.000272375,0.000272375
81,314.62,0.47746,1.51495,0.59781,0.96417,0.96394,0.99451,0.99347,0.94666,0.94025,0.9662,0.96303,0.73341,0.32445,1.14892,0.34626,0.87415,0.00026,0.00026,0.00026
82,318.452,0.50904,1.51949,0.61937,0.99509,0.9794,0.98818,0.99351,0.94781,0.94401,0.95289,0.95512,0.72983,0.3192,1.1266,0.33344,0.86683,0.000247625,0.000247625,0.000247625
83,322.196,0.48212,1.55026,0.60228,0.97394,0.97789,0.99566,0.994,0.9498,0.94498,0.96243,0.95911,0.73504,0.31647,1.09168,0.32505,0.86402,0.00023525,0.00023525,0.00023525
84,326.056,0.4873,1.5146,0.60201,0.97202,0.99006,0.98999,0.99441,0.9561,0.96013,0.96051,0.96281,0.73049,0.29901,1.09934,0.31761,0.85339,0.000222875,0.000222875,0.000222875
85,329.79,0.47999,1.51303,0.59963,0.98347,0.98818,0.98262,0.9944,0.95648,0.96202,0.95732,0.96712,0.72974,0.30833,1.1146,0.32204,0.85862,0.0002105,0.0002105,0.0002105
86,333.565,0.47626,1.46715,0.5689,0.98658,0.98763,0.98067,0.99388,0.95669,0.96662,0.9494,0.96594,0.73242,0.30452,1.05747,0.31751,0.85298,0.000198125,0.000198125,0.000198125
87,337.305,0.48306,1.53681,0.57573,0.9718,0.97583,0.99248,0.99397,0.96118,0.94688,0.96313,0.96151,0.72883,0.28994,1.05978,0.30572,0.84821,0.00018575,0.00018575,0.00018575
88,341.139,0.46573,1.52378,0.56216,0.97214,0.99357,0.99494,0.99481,0.96158,0.96158,0.96294,0.95883,0.72664,0.29268,1.05156,0.30172,0.84929,0.000173375,0.000173375,0.000173375
89,344.92,0.46576,1.49546,0.53221,0.97139,0.99462,0.99447,0.99485,0.96427,0.96511,0.96518,0.96313,0.73733,0.28507,1.04995,0.29307,0.84558,0.000161,0.000161,0.000161
90,348.715,0.47607,1.49819,0.57207,0.97699,0.99046,0.99464,0.99482,0.96617,0.96407,0.964,0.96163,0.73872,0.28283,1.04719,0.29157,0.84464,0.000148625,0.000148625,0.000148625
91,355.609,0.40935,1.37214,0.55326,0.96895,0.98447,0.99234,0.99445,0.95929,0.95524,0.96297,0.95831,0.73382,0.29845,1.05864,0.32434,0.85391,0.00013625,0.00013625,0.00013625
92,359.319,0.38307,1.2298,0.4551,0.94781,0.98357,0.9882,0.99456,0.95771,0.95215,0.95686,0.9548,0.73344,0.30522,1.06161,0.34171,0.85637,0.000123875,0.000123875,0.000123875
93,363.074,0.37144,1.17233,0.41798,0.94395,0.98935,0.99255,0.99453,0.96435,0.96225,0.96458,0.96273,0.7405,0.28931,1.02226,0.30768,0.84356,0.0001115,0.0001115,0.0001115
94,366.831,0.3501,1.11357,0.3823,0.9174,0.99178,0.9964,0.99462,0.96668,0.96232,0.96683,0.95947,0.74486,0.27867,1.00799,0.29699,0.83768,9.9125e-05,9.9125e-05,9.9125e-05
95,370.573,0.34919,1.1492,0.38727,0.93255,0.99352,0.99679,0.99473,0.96515,0.96622,0.96978,0.96114,0.75018,0.27903,0.98526,0.29606,0.83747,8.675e-05,8.675e-05,8.675e-05
96,374.284,0.33839,1.1418,0.38436,0.89997,0.99524,0.99674,0.99489,0.96984,0.96797,0.96949,0.96129,0.75674,0.26348,0.96805,0.28257,0.82785,7.4375e-05,7.4375e-05,7.4375e-05
97,378.051,0.32977,1.12325,0.36488,0.91476,0.99249,0.99775,0.99493,0.97121,0.96531,0.97043,0.96182,0.75602,0.25745,0.96642,0.27625,0.82483,6.2e-05,6.2e-05,6.2e-05
98,381.791,0.33325,1.09046,0.36145,0.91566,0.99493,0.99775,0.99498,0.97402,0.96761,0.97043,0.9622,0.75719,0.25898,0.96456,0.27335,0.82464,4.9625e-05,4.9625e-05,4.9625e-05
99,385.526,0.32024,1.07908,0.36891,0.9051,0.99461,0.99775,0.99495,0.97336,0.96731,0.97043,0.96214,0.75689,0.25577,0.96009,0.26805,0.82305,3.725e-05,3.725e-05,3.725e-05
100,389.237,0.31556,1.10768,0.35531,0.90585,0.99295,0.99775,0.99491,0.97433,0.9658,0.97043,0.96178,0.75906,0.25132,0.95608,0.26451,0.82087,2.4875e-05,2.4875e-05,2.4875e-05
